Designator,Quantity,Value,Footprint,Package,MPN,DNP,Mount_Type,Description,pn,Info,Volt,Sim.Device,Sim.Pins,Field6
A1,1,Arduino_Nano_v3.x,Arduino_Nano,,,,tht,Arduino Nano v3.x,,,,,,
"C1, C2, C3, C39",4,47uF,CP_EIA-7343-20_Kemet-V_Pad2.25x2.55mm_HandSolder,,,,smt,"Polarized capacitor, small US symbol",T491D476K020AT,  47uF 20V 700mΩ@100kHz ±10% CASE-D-7343 Tantalum Capacitors ROHS,,,,
C10,1,1u,CP_EIA-3528-21_Kemet-B_Pad1.50x2.35mm_HandSolder,,,,smt,Unpolarized capacitor,TAJB105K050RNJ,1uF 50V 7Ω@100kHz ±10% CASE-B-3528-21(mm) Tantalum Capacitors ROHS,,,,
"C101, C104, C106, C114, C115, C12, C13, C16, C17, C23, C24, C45, C46, C58, C60, C63, C7, C8",18,100nF,C_0805_2012Metric_Pad1.18x1.45mm_HandSolder,,,,smt,Unpolarized capacitor,,,,,,
C102,1,100uF,CP_Radial_D10.0mm_P5.00mm,,,,tht,"Polarized capacitor, US symbol",,,63V,,,
C103,1,10uF,CP_Radial_D5.0mm_P2.00mm,,,,tht,"Polarized capacitor, US symbol",,,50V,,,
C105,1,22uF,CP_Radial_D6.3mm_P2.50mm,,,,tht,"Polarized capacitor, US symbol",,,25V,,,
"C107, C108",2,1000uF,CP_Radial_D12.5mm_P5.00mm,,,,tht,"Polarized capacitor, US symbol",,,25V,,,
"C109, C110",2,10uF T,CP_EIA-3528-12_Kemet-T_HandSolder,,,,smt,"Polarized capacitor, US symbol",,,16V,,,
"C11, C22",2,470p,C_0805_2012Metric_Pad1.18x1.45mm_HandSolder,,,,smt,Unpolarized capacitor,CC0805GRNPO9BN471,  50V 470pF NP0 ±2% 0805 Multilayer Ceramic Capacitors MLCC - SMD/SMT ROHS,,,,
"C111, C41",2,1uF,C_0805_2012Metric_Pad1.18x1.45mm_HandSolder,,,,smt,Unpolarized capacitor,,,,,,
"C112, C113",2,22uF,CP_Elec_4x3,,,,smt,Polarized capacitor,,,,,,
C14,1,6.8u,CP_EIA-3528-12_Kemet-T_HandSolder,,,,smt,"Polarized capacitor, small US symbol",TAJA685K020RNJ,6.8uF 2Ω 20V ±10% CASE-C-6032 Tantalum Capacitors ROHS,,,,
C15,1,2.2uF,CP_EIA-3216-10_Kemet-I_Pad1.58x1.35mm_HandSolder,,,,smt,"Polarized capacitor, small US symbol",MAL215371228E3,2.2uF 20V 5.9Ω ±10% 1206 Tantalum Capacitors ROHS,,,,
"C18, C25",2,1000p,C_Rect_L7.2mm_W3.5mm_P5.00mm_FKS2_FKP2_MKS2_MKP2,,,,tht,Unpolarized capacitor,SMEC102J100M1,"1nF 100V ±5% Plugin,P=5mm Polypropylene Film Capacitors (CBB) ROHS",,,,
"C19, C26",2,140p,C_0805_2012Metric_Pad1.18x1.45mm_HandSolder,,,,smt,Unpolarized capacitor,[C19]  GMC21CG141G50NT; [C26]GMC21CG141G50NT,"140 pF ±2% 50V Keramische condensators C0G, NP0 0805 (2012 metrisch)",,,,
"C20, C21, C27, C28, C9",5,47p,C_0805_2012Metric_Pad1.18x1.45mm_HandSolder,,,,smt,Unpolarized capacitor,CC0805GRNPO9BN470,50V 47pF NP0 ±2% 0805 Multilayer Ceramic Capacitors MLCC - SMD/SMT ROHS,,,,
C29,1,150uF,CP_EIA-7343-43_Kemet-X_Pad2.25x2.55mm_HandSolder,,,,smt,"Polarized capacitor, small US symbol",T491X157K020AT,400mΩ@100kHz 20V 150uF ±10% CASE-X-7343-43(mm),,,,
C30,1,15uF,CP_EIA-6032-15_Kemet-U_Pad2.25x2.35mm_HandSolder,,,,smt,"Polarized capacitor, small US symbol",TPSC156K020R0450,15uF 20V 0.45Ω@100kHz ±10% CASE-C-6032 Tantalum Capacitors ROHS,,,,
C31,1,2.2uF,CP_EIA-3528-21_Kemet-B_Pad1.50x2.35mm_HandSolder,,,,smt,"Polarized capacitor, small US symbol",TAJB225K020RNJ,2.2uF 20V 3.5Ω ±10% CASE-B-3528-21(mm) Tantalum Capacitors ROHS,,,,
"C33, C34",2,1uF,C_Rect_L7.5mm_W6.5mm_P5.00mm,,,,tht,Unpolarized capacitor,SMEC105J100M5,"1uF 100V ±5% Plugin,P=5mm Polypropylene Film Capacitors (CBB) ROHS",,,,
"C35, C36",2,.1uF,C_Rect_L7.2mm_W3.5mm_P5.00mm_FKS2_FKP2_MKS2_MKP2,,,,tht,Unpolarized capacitor,SMEC104J100M1,"100nF 100V ±5% Plugin,P=5mm Polypropylene Film Capacitors (CBB) ROHS",,,,
"C37, C38",2,.01uF,C_Rect_L7.2mm_W3.5mm_P5.00mm_FKS2_FKP2_MKS2_MKP2,,,,tht,Unpolarized capacitor,SMEC103J100M1,"10nF 100V ±5% Plugin,P=5mm Polypropylene Film Capacitors (CBB) ROHS",,,,
C4,1,2uF,CP_EIA-3528-12_Kemet-T_HandSolder,,,,smt,"Polarized capacitor, small US symbol",MAL215371228E3,2.2uF 50V 10mA@100Hz 12Ω@100kHz ±20% SMD Aluminum Electrolytic Capacitors - SMD ROHS,,,,
"C40, C64",2,100uF,CP_Radial_D5.0mm_P2.00mm,,,,tht,Polarized capacitor,,,,,,
C42,1,330pF,C_0805_2012Metric_Pad1.18x1.45mm_HandSolder,,,,smt,Unpolarized capacitor,,,,,,
C47,1,10pF,C_0805_2012Metric_Pad1.18x1.45mm_HandSolder,,,,smt,Unpolarized capacitor,,,,,,
"C48, C49, C50, C51, C52, C53, C54, C55, C56, C57",10,10uF,C_0805_2012Metric_Pad1.18x1.45mm_HandSolder,,,,smt,Unpolarized capacitor,,,,,,
C5,1,22uF,CP_EIA-3528-21_Kemet-B_Pad1.50x2.35mm_HandSolder,,,,smt,"Polarized capacitor, small US symbol",  293D225X9020A2TE3,2.2uF 20V 5.9Ω ±10% 1206 Tantalum Capacitors ROHS,,,,
C6,1,10p,C_0805_2012Metric_Pad1.18x1.45mm_HandSolder,,,,smt,Unpolarized capacitor,GQM2195C2E100GB12D,250V 10pF C0G ±2% 0805 Multilayer Ceramic Capacitors MLCC - SMD/SMT ROHS,,,,
"CR1, CR10, CR11, CR12, CR13, CR14, CR15, CR16, CR17, CR18, CR19, CR2, CR20, CR3, CR4, CR5, CR6, CR7, CR8, CR9, D101, D102",22,1N4148,D_0805_2012Metric_Pad1.15x1.40mm_HandSolder,,,,smt,"100V 0.15A standard switching diode, DO-35",1N4148W,,,D,1=K 2=A,
D103,1,Green,D_SOD-123,,,,smt,Light emitting diode,,,,,1=K 2=A,
F101,1,75mA,R_Axial_DIN0207_L6.3mm_D2.5mm_P10.16mm_Horizontal,,,,tht,Fuse,,,,,,
"FB101, FB102",2,1K,L_0805_2012Metric_Pad1.15x1.40mm_HandSolder,,,,smt,Ferrite bead,445-8694-1,,,,,
J1,1,Vernier,PinHeader_1x03_P2.54mm_Vertical,,,,tht,"Generic connector, single row, 01x03, script generated",,,,,,
"J10, J9",2,0dBm/-10dBm,PinHeader_1x03_P2.54mm_Vertical,,,,tht,"Generic connector, single row, 01x03, script generated",,,,,,
J101,1,38VDC,TerminalBlock_MaiXu_MX126-5.0-02P_1x02_P5.00mm,,,,tht,"Generic screw terminal, single row, 01x02, script generated (kicad-library-utils/schlib/autogen/connector/)",,,,,,
J102,1,Power LED,PinHeader_1x02_P2.54mm_Vertical,,,,tht,"Generic connector, single row, 01x02, script generated",,,,,,
J103,1,Counter pwr,PinHeader_1x02_P2.54mm_Vertical,,,,tht,"Generic connector, single row, 01x02, script generated",,,,,,
J11,1,Output,BNC_Amphenol_B6252HB-NPP3G-50_Horizontal,,,,tht,"coaxial connector (BNC, SMA, SMB, SMC, Cinch/RCA, LEMO, ...)",,1 Inner Hole BNC Board-End Elbow 3GHz -55℃~+155℃ 75Ω 9.58mm Plugin Coaxial Connectors (RF) ROHS,,,,
J13,1,LCD,PinHeader_1x04_P2.54mm_Vertical,,,,tht,"Generic connector, single row, 01x04, script generated",,,,,,
J2,1,R520,PinHeader_1x03_P2.54mm_Vertical,,,,tht,"Generic connector, single row, 01x03, script generated",,,,,,
J3,1,R530,PinHeader_1x03_P2.54mm_Vertical,,,,tht,"Generic connector, single row, 01x03, script generated",,,,,,
J6,1,Freq Selection,PinHeader_1x04_P2.54mm_Vertical,,,,tht,"Generic connector, single row, 01x04, script generated",,,,,,
J7,1,Output Volume,PinHeader_1x04_P2.54mm_Vertical,,,,tht,"Generic connector, single row, 01x04, script generated",,,,,,
J8,1,Output on/off,PinHeader_1x03_P2.54mm_Vertical,,,,tht,"Generic connector, single row, 01x03, script generated",,,,,,
"K1, K2, K3, K4, K5, K6",6,G6K-2-Y 12V,Relay_DPDT_Omron_G6K-2F-Y,,,,smt,"Miniature 2-pole relay, Single-side Stable",,,,,,
Q1,1,MMBF4391,SOT-23,,,,smt,"50mA min, 30V, 30mOhm max, 4-10V Vgs(off), N-Channel JFET, SOT-23",,,,,,
Q1a1,1,151-1021-00,TO-92-Tek-sockets,,,,tht,"N-JFET transistor, gate/source/drain",,,,,,
"Q2, Q4, Q6",3,MMBT3906,SOT-23,,,,smt,"-0.2A Ic, -40V Vce, Small Signal PNP Transistor, SOT-23",,,,,,
"Q3, Q5",2,MMBT3904,SOT-23,,,,smt,"0.2A Ic, 40V Vce, Small Signal NPN Transistor, SOT-23",,,,,,
Q7,1,MMBF4416A,SOT-23,,,,smt,"N-JFET transistor, drain/source/gate",,,,,,
Q8,1,AO3400A,SOT-23,,,,smt,"30V Vds, 5.7A Id, N-Channel MOSFET, SOT-23",,,,,,
R1,1,7.87K,R_0805_2012Metric_Pad1.20x1.40mm_HandSolder,,,,smt,Resistor,CRCW08057K87FKEA,125mW Thick Film Resistors ±100ppm/℃ ±1% 7.87kΩ 0805 Chip Resistor - Surface Mount ROHS,,,,
"R10, R9",2,1.00M,R_0805_2012Metric_Pad1.20x1.40mm_HandSolder,,,,smt,Resistor,,1%,,,,
R101,1,1K8,R_0805_2012Metric_Pad1.20x1.40mm_HandSolder,,,,smt,Resistor,,,,,,
R102,1,220,R_1206_3216Metric_Pad1.30x1.75mm_HandSolder,,,,smt,Resistor,,,,,,
"R103, R6",2,47K,R_0805_2012Metric_Pad1.20x1.40mm_HandSolder,,,,smt,Resistor,,5%,,,,
"R104, R105",2,91R,R_1206_3216Metric_Pad1.30x1.75mm_HandSolder,,,,smt,Resistor,,,,,,
"R106, R107",2,20K,R_0805_2012Metric_Pad1.20x1.40mm_HandSolder,,,,smt,Resistor,,,,,,
"R108, R109",2,3K6,R_0805_2012Metric_Pad1.20x1.40mm_HandSolder,,,,smt,Resistor,,,,,,
R11,1,60.4K,R_0805_2012Metric_Pad1.20x1.40mm_HandSolder,,,,smt,Resistor,ARG05FTC6042,125mW Thin Film Resistor 100V ±25ppm/℃ ±1% 60.4kΩ 0805 Chip Resistor - Surface Mount ROHS,,,,
"R110, R12",2,1K,R_0805_2012Metric_Pad1.20x1.40mm_HandSolder,,,,smt,Resistor,,5%,,,,
R111,1,10R,R_0805_2012Metric_Pad1.20x1.40mm_HandSolder,,,,smt,Resistor,,,,,,
R13,1,1.65K,R_0805_2012Metric_Pad1.20x1.40mm_HandSolder,,,,smt,Resistor,FRC0805F1651TS,125mW Thick Film Resistors 150V ±100ppm/℃ ±1% 1.65kΩ 0805 Chip Resistor - Surface Mount ROHS,,,,
R14,1,2.15K,R_0805_2012Metric_Pad1.20x1.40mm_HandSolder,,,,smt,Resistor,PTFR0805B2K15P9,,,,,130mW Thin Film Resistor 150V ±25ppm/℃ ±0.1% 2.15kΩ 0805 Chip Resistor
R15,1,1.8K,R_0805_2012Metric_Pad1.20x1.40mm_HandSolder,,,,smt,Resistor,,5%,,,,
R16,1,5.1K,R_0603_1608Metric_Pad0.98x0.95mm_HandSolder,,,,smt,Resistor,RT0603DRE075K1L,100mW Thin Film Resistor 75V ±0.5% ±50ppm/℃ 5.1kΩ 0603 Chip Resistor - Surface Mount ROHS,,,,
R17,1,100,R_0805_2012Metric_Pad1.20x1.40mm_HandSolder,,,,smt,Resistor,,5%,,,,
R18,1,320,R_0603_1608Metric_Pad0.98x0.95mm_HandSolder,,,,smt,Resistor,RT0603DRE07320RL,100mW Thin Film Resistor ±0.5% ±50ppm/℃ 320Ω 0603 Chip Resistor - Surface Mount ROH,,,,
R19,1,12K,R_0805_2012Metric_Pad1.20x1.40mm_HandSolder,,,,smt,Resistor,,5%,,,,
"R2, R25, R33, R35, R42, R43, R7",7,100K,R_0805_2012Metric_Pad1.20x1.40mm_HandSolder,,,,smt,Resistor,,"[R33,R35,R42,R43,R7]5%; [R25]1%",,,,
R20,1,68K,R_0805_2012Metric_Pad1.20x1.40mm_HandSolder,,,,smt,Resistor,,5%,,,,
R21,1,7.5K,R_0805_2012Metric_Pad1.20x1.40mm_HandSolder,,,,smt,Resistor,,5%,,,,
"R22, R28",2,1.30K,R_0805_2012Metric_Pad1.20x1.40mm_HandSolder,,,,smt,Resistor,,1%,,,,
"R23, R31",2,1M,R_0805_2012Metric_Pad1.20x1.40mm_HandSolder,,,,smt,Resistor,,5%,,,,
"R24, R34",2,2.00K,R_0805_2012Metric_Pad1.20x1.40mm_HandSolder,,,,smt,Resistor,RT0805BRD072KL,125mW Thin Film Resistor ±25ppm/℃ ±0.1% 2kΩ 0805 Chip Resistor - Surface Mount ROHS,,,,
"R26, R38",2,470,R_0805_2012Metric_Pad1.20x1.40mm_HandSolder,,,,smt,Resistor,,5%,,,,
R27,1,182K,R_0805_2012Metric_Pad1.20x1.40mm_HandSolder,,,,smt,Resistor,,1%,,,,
"R29, R37",2,2.80K,R_0805_2012Metric_Pad1.20x1.40mm_HandSolder,,,,smt,Resistor,,1%,,,,
R3,1,13K,R_0805_2012Metric_Pad1.20x1.40mm_HandSolder,,,,smt,Resistor,,5%,,,,
"R30, R36",2,14.3K,R_0805_2012Metric_Pad1.20x1.40mm_HandSolder,,,,smt,Resistor,,1%,,,,
"R32, R4, R5",3,10.0K,R_0805_2012Metric_Pad1.20x1.40mm_HandSolder,,,,smt,Resistor,RT0805BRD0710KL,"[R32]1%; [R4,R5]125mW Thin Film Resistor 150V ±25ppm/℃ ±0.1% 10kΩ 0805 Chip Resistor - Surface Mount ROHS",,,,
R39,1,5.6K,R_0805_2012Metric_Pad1.20x1.40mm_HandSolder,,,,smt,Resistor,,5%,,,,
R40,1,5.1K,R_0805_2012Metric_Pad1.20x1.40mm_HandSolder,,,,smt,Resistor,,,,,,
R41,1,510K,R_0805_2012Metric_Pad1.20x1.40mm_HandSolder,,,,smt,Resistor,,5%,,,,
R44,1,56R,R_0805_2012Metric_Pad1.20x1.40mm_HandSolder,,,,smt,Resistor,,,,,,
R45,1,680R,R_0805_2012Metric_Pad1.20x1.40mm_HandSolder,,,,smt,Resistor,,,,,,
"R46, R56",2,10K,R_0805_2012Metric_Pad1.20x1.40mm_HandSolder,,,,smt,Resistor,,,,,,
R47,1,8K2,R_0805_2012Metric_Pad1.20x1.40mm_HandSolder,,,,smt,Resistor,,,,,,
R48,1,7K5,R_0805_2012Metric_Pad1.20x1.40mm_HandSolder,,,,smt,Resistor,,,,,,
"R49, R57, R59",3,4K7,R_0805_2012Metric_Pad1.20x1.40mm_HandSolder,,,,smt,Resistor,,,,,,
"R50, R55",2,300R,R_0805_2012Metric_Pad1.20x1.40mm_HandSolder,,,,smt,Resistor,,,,,,
"R51, R52",2,1K2,R_0805_2012Metric_Pad1.20x1.40mm_HandSolder,,,,smt,Resistor,,,,,,
"R53, R54",2,820R,R_0805_2012Metric_Pad1.20x1.40mm_HandSolder,,,,smt,Resistor,,,,,,
R58,1,470R,R_0805_2012Metric_Pad1.20x1.40mm_HandSolder,,,,smt,Resistor,,,,,,
R8,1,46.4K,R_0805_2012Metric_Pad1.20x1.40mm_HandSolder,,,,smt,Resistor,RC0805FR-0746K4L,125mW Thick Film Resistors 150V ±100ppm/℃ ±1% 46.4kΩ 0805 Chip Resistor - Surface Mount ROHS,,,,
RV1,1,1K,Potentiometer_Bourns_3296W_Vertical,,,,tht,Trim-potentiometer,,,,,,
"RV101, RV102",2,2K,Potentiometer_Bourns_3296W_Vertical,,,,tht,Trim-potentiometer,,,,,,
RV2,1,5K,Potentiometer_Bourns_3296W_Vertical,,,,tht,Trim-potentiometer,,,,,,
"TP1, TP105, TP4",3,GND,TestPoint_THTPad_2.5x2.5mm_Drill1.2mm,,,,tht,test point,,,,,,
TP101,1,+12V,TestPoint_THTPad_2.5x2.5mm_Drill1.2mm,,,,tht,test point,,,,,,
TP102,1,+VReg,TestPoint_THTPad_2.5x2.5mm_Drill1.2mm,,,,tht,test point,,,,,,
TP103,1,-VReg,TestPoint_THTPad_2.5x2.5mm_Drill1.2mm,,,,tht,test point,,,,,,
TP104,1,+16V,TestPoint_THTPad_2.5x2.5mm_Drill1.2mm,,,,tht,test point,,,,,,
TP106,1,-16V,TestPoint_THTPad_2.5x2.5mm_Drill1.2mm,,,,tht,test point,,,,,,
TP107,1,GNDD,TestPoint_THTPad_2.5x2.5mm_Drill1.2mm,,,,tht,test point,,,,,,
TP2,1,AGC,TestPoint_THTPad_2.5x2.5mm_Drill1.2mm,,,,tht,test point,,,,,,
TP3,1,Gen Out,TestPoint_THTPad_2.5x2.5mm_Drill1.2mm,,,,tht,test point,,,,,,
TP5,1,Sine Out,TestPoint_THTPad_2.5x2.5mm_Drill1.2mm,,,,tht,test point,,,,,,
"U1, U3, U4",3,NE5534,SOIC-8_3.9x4.9mm_P1.27mm,,,,smt,"Single Low-Noise Operational Amplifiers, DIP-8/SOIC-8",NE5534DR,,,,,
U101,1,LM317HVT,TO-220-3_Vertical,,,,tht,"1.5A 35V Adjustable Linear Regulator, TO-220",,,,,,
"U102, U103",2,TL431LP,TO-92_Inline_Wide,,,,tht,"Shunt Regulator, TO-92",,,,,,
U2,1,LF351D,SO-8_3.9x4.9mm_P1.27mm,,,,smt,"Wide bandwidth single JFET operational amplifier, SOIC-8",LF351D,  3mV 4MHz 20pA SO-8 FET Input Amplifiers ROHS,,,,
U5,1,OPA1655D,SOIC-8_3.9x4.9mm_P1.27mm,,,,smt,"Single Ultra-Low-Noise, Low-Distortion, FET-Input, Burr-Brown Audio Operational Amplifiers, SOIC-8",,,,,,
U6,1,6N137,DIP-8_W7.62mm,,,,tht,"Single High Speed LSTTL/TTL Compatible Optocoupler with enable, dV/dt 1000/us, VCM 10, max 7V VCC, DIP-8",,,,,,
VR1,1,5V1,D_SOD-123,,,,smt,Zener diode,BZT52C5V1,5.1V 500mW Independent Type 4.8V~5.4V SOD-123 Zener Diodes ROHS,,,,
